<?xml version="1.0" encoding="UTF-8"?>
<project-private xmlns="http://www.netbeans.org/ns/project-private/1">
    <editor-bookmarks xmlns="http://www.netbeans.org/ns/editor-bookmarks/2" lastBookmarkId="0"/>
    <open-files xmlns="http://www.netbeans.org/ns/projectui-open-files/2">
        <group>
            <file>file:/C:/Users/mangv/OneDrive/Documents/NetBeansProjects/ChatApp1712837/src/chatapp1712837/LoginForm.java</file>
            <file>file:/C:/Users/mangv/OneDrive/Documents/NetBeansProjects/ChatApp1712837/src/chatapp1712837/importIPGroupForm.java</file>
            <file>file:/C:/Users/mangv/OneDrive/Documents/NetBeansProjects/ChatApp1712837/src/chatapp1712837/send.java</file>
            <file>file:/C:/Users/mangv/OneDrive/Documents/NetBeansProjects/ChatApp1712837/src/chatapp1712837/MainForm.java</file>
            <file>file:/C:/Users/mangv/OneDrive/Documents/NetBeansProjects/ChatApp1712837/src/chatapp1712837/User.java</file>
            <file>file:/C:/Users/mangv/OneDrive/Documents/NetBeansProjects/ChatApp1712837/src/chatapp1712837/ThreadReceivedReq.java</file>
            <file>file:/C:/Users/mangv/OneDrive/Documents/NetBeansProjects/ChatApp1712837/src/chatapp1712837/receiveFile.java</file>
            <file>file:/C:/Users/mangv/OneDrive/Documents/NetBeansProjects/ChatApp1712837/src/chatapp1712837/importIPForm.java</file>
            <file>file:/C:/Users/mangv/OneDrive/Documents/NetBeansProjects/ChatApp1712837/src/chatapp1712837/MainApp.java</file>
            <file>file:/C:/Users/mangv/OneDrive/Documents/NetBeansProjects/ChatApp1712837/src/chatapp1712837/ChatWindow.java</file>
            <file>file:/C:/Users/mangv/OneDrive/Documents/NetBeansProjects/ChatApp1712837/src/chatapp1712837/ChatGroupWindow.java</file>
            <file>file:/C:/Users/mangv/OneDrive/Documents/NetBeansProjects/ChatApp1712837/src/chatapp1712837/ThreadReceived.java</file>
            <file>file:/C:/Users/mangv/OneDrive/Documents/NetBeansProjects/ChatApp1712837/src/chatapp1712837/FileUser.java</file>
            <file>file:/C:/Users/mangv/OneDrive/Documents/NetBeansProjects/ChatApp1712837/src/chatapp1712837/ThreadGroupChat.java</file>
            <file>file:/C:/Users/mangv/OneDrive/Documents/NetBeansProjects/ChatApp1712837/src/chatapp1712837/FileChoose.java</file>
            <file>file:/C:/Users/mangv/OneDrive/Documents/NetBeansProjects/ChatApp1712837/src/chatapp1712837/RegisterForm.java</file>
        </group>
    </open-files>
</project-private>
